{"0": 2.5490784190411686, "1": 0.6220060675457132}